,단어,빈도
0,수,7241
1,경우,6826
2,신청,5799
3,및,5161
4,것,4983
5,신고,4809
6,알,4528
7,하나요,4516
8,등,4035
9,무엇,4015
10,방법,3878
11,시,3867
12,제,3863
13,관련,3835
14,사업,3758
15,문의,3737
16,사용,3289
17,학교,3263
18,대해,2855
19,등록,2849
20,절차,2648
21,시설,2521
22,서류,2512
23,기준,2499
24,내용,2484
25,확인,2431
26,변경,2430
27,발급,2411
28,대한,2405
29,관리,2397
30,후,2263
31,처리,2202
32,지원,2100
33,민원,2076
34,중,2073
35,대상,2049
36,이,2013
37,기간,1990
38,때,1964
39,이용,1961
40,해당,1941
41,교육,1926
42,설치,1918
43,허가,1874
44,운영,1860
45,요청,1754
46,위,1748
47,여부,1635
48,비,1630
49,사항,1574
50,법,1568
51,사업자,1502
52,정보,1468
53,지역,1457
54,지급,1453
55,학생,1418
56,현재,1402
57,차량,1368
58,관,1364
59,발생,1302
60,발표,1272
61,그,1271
62,내,1248
63,저,1247
64,제출,1215
65,주택,1200
66,안전,1181
67,공사,1168
68,조치,1150
69,사람,1141
70,기관,1134
71,개인,1119
72,대하,1103
73,다른,1086
74,를,1084
75,계획,1081
76,시간,1071
77,세부,1066
78,공무원,1045
79,위원회,1037
80,판매,1036
81,업체,1026
82,불법,1005
83,적용,1004
84,언제,1001
85,업,1000
86,일,986
87,위해,973
88,자격,971
89,선박,970
90,이상,967
91,주민,952
92,소득,950
93,시행,946
94,증명서,938
95,아파트,937
96,아이,933
97,전,922
98,업무,921
99,답변,915
100,납부,907
101,어디,906
102,곳,904
103,계약,903
104,주차,900
105,위반,900
106,규정,892
107,구역,886
108,유치원,880
109,서비스,877
110,생각,871
111,진행,862
112,의,862
113,자녀,855
114,코로나,854
115,행위,853
116,검사,849
117,근무,845
118,안내,836
119,항만,833
120,도로,826
121,자료,821
122,결과,818
123,포함,793
124,차,787
125,번호,782
126,상황,781
127,금액,778
128,복무,778
129,입,777
130,항,764
131,지정,760
132,센터,753
133,물,735
134,시험,730
135,말,728
136,가족,721
137,한국,720
138,교사,717
139,방송,717
140,문제,714
141,요,714
142,회사,712
143,의무,708
144,질의,697
145,표시,696
146,본인,696
147,여권,695
148,국가,693
149,인터넷,690
150,초등학교,684
151,이유,683
152,청구,680
153,외국인,680
154,거주,676
155,광고,673
156,현황,673
157,과정,673
158,인정,672
159,구비,671
160,평가,671
161,제한,669
162,제품,667
163,경력,662
164,로,661
165,요건,659
166,개발,650
167,집,649
168,용,647
169,연구,643
170,금,642
171,어업,642
172,방통위,631
173,학원,630
174,장애인,629
175,동의,629
176,방문,628
177,가입,628
178,피해,624
179,조사,621
180,금지,621
181,시기,619
182,다시,617
183,단속,617
184,취득,615
185,앞,612
186,제도,610
187,인지,609
188,사회,609
189,보호,608
190,범위,608
191,사실,605
192,개,603
193,상태,596
194,도서관,593
195,기술,588
196,실시,587
197,법인,587
198,왜,585
199,부과,579
200,대상자,579
201,일반,574
202,가능,574
203,건물,572
204,재,571
205,정도,570
206,점,569
207,추가,568
208,접수,567
209,제공,566
210,훈련,566
211,세금,565
212,환경,563
213,사고,560
214,교육청,560
215,부분,555
216,안,554
217,해양,551
218,영업,550
219,때문,548
220,종류,548
221,사유,548
222,현장,543
223,개선,543
224,이전,541
225,등록증,535
226,저희,532
227,해외,528
228,개월,527
229,임대,526
230,카드,526
231,란,526
232,더,525
233,명,524
234,계속,519
235,위치,518
236,생활,518
237,승인,518
238,또한,508
239,가지,508
240,사진,506
241,예정,506
242,참여,502
243,가요,501
244,관계,492
245,수당,489
246,대출,488
247,과세,488
248,이후,487
249,요금,487
250,기존,482
251,교습,482
252,이해,481
253,거래,481
254,통해,476
255,급,473
256,건축물,469
257,신규,469
258,식품,466
259,전화,466
260,모두,465
261,과태료,464
262,중학교,464
263,학년,464
264,국내,463
265,자동차,459
266,직원,459
267,보험,451
268,입학,450
269,비자,450
270,기초,449
271,배출,448
272,별,448
273,활동,447
274,건설,445
275,면허,444
276,함,441
277,지금,437
278,입찰,437
279,인,435
280,공제,433
281,번,432
282,토지,431
283,급여,431
284,작성,426
285,채용,424
286,료,422
287,표지,422
288,소,421
289,휴직,421
290,졸업,420
291,조건,418
292,교원,418
293,프로그램,417
294,선정,412
295,못,412
296,목적,411
297,명의,409
298,결제,409
299,법률,407
300,공원,407
301,인증,406
302,행정,405
303,정,404
304,구매,403
305,수입,403
306,직접,402
307,요원,402
308,처벌,401
309,공유,400
310,보고,399
311,온라인,399
312,주민등록,399
313,폐기물,398
314,연장,398
315,개정,396
316,수업,396
317,심사,395
318,꼭,393
319,질문,391
320,설립,391
321,요구,389
322,기재,386
323,제외,385
324,건가,385
325,세대,385
326,별도,384
327,외,384
328,세,383
329,학교폭력,383
330,분야,381
331,담배,380
332,부동산,380
333,재발,378
334,분,376
335,준비,376
336,설명,376
337,하나,376
338,고시,372
339,직,371
340,근거,371
341,과,370
342,결정,370
343,일부,370
344,전입,370
345,입력,370
346,쓰레기,368
347,자격증,368
348,산정,367
349,추진,366
350,면제,366
351,좀,365
352,제조,365
353,휴가,365
354,항로,364
355,공급,362
356,올해,361
357,상담,361
358,배정,360
359,주변,359
360,얼마,358
361,액,357
362,취업,356
363,홈페이지,354
364,취소,354
365,실,354
366,이번,353
367,주차장,352
368,시민,351
369,위탁,351
370,청,351
371,버스,348
372,대학,348
373,주소,346
374,학부모,346
375,우리,345
376,근로,345
377,볼,344
378,국적,344
379,호,342
380,처분,342
381,기업,342
382,비용,342
383,필요,342
384,임용,342
385,어린이,341
386,점검,340
387,회,340
388,역,340
389,군,338
390,지침,337
391,지방,336
392,건강,335
393,급식,334
394,층,333
395,다음,332
396,건축,332
397,날,332
398,산업,331
399,령,330
400,외국,328
401,모든,327
402,어선,326
403,선,324
404,유지,324
405,연금,324
406,복지,323
407,부담,322
408,해,322
409,심의,321
410,위험,320
411,첨부,320
412,위원,320
413,강사,320
414,국가공무원,320
415,도,319
416,대책,319
417,증명,318
418,문자,318
419,혜택,317
420,연락,316
421,폐업,315
422,구입,314
423,또,314
424,재산,314
425,생산,313
426,방과후,313
427,거리,311
428,공개,311
429,수면,311
430,자,310
431,거부,309
432,고객,309
433,바로,308
434,건,308
435,육아휴직,308
436,최근,307
437,초,305
438,이하,304
439,정보공개,304
440,시스템,304
441,포장,303
442,증,302
443,기능,298
444,해결,298
445,분실,298
446,정책,297
447,기,297
448,조정,296
449,장소,293
450,소유,292
451,각,292
452,국민,291
453,세무서,290
454,교실,289
455,자가,289
456,고등학교,287
457,상품,286
458,장학금,285
459,체류,285
460,수리,285
461,이름,285
462,법령,285
463,길,284
464,체육,284
465,누구,283
466,유아,283
467,의료,282
468,배우자,282
469,만약,281
470,보상,281
471,의미,281
472,혹시,280
473,몇,280
474,글,280
475,선택,280
476,시청,279
477,수급,279
478,단체,279
479,재배,277
480,근로장려금,277
481,해지,275
482,판단,274
483,활용,274
484,정차,273
485,마스크,273
486,수산,273
487,년,271
488,살,270
489,운행,270
490,서울,270
491,전용,269
492,공동,269
493,기사,269
494,문화재,269
495,학기,269
496,예방,268
497,표기,268
498,통신사,268
499,전자,267
500,전학,267
501,대표,266
502,현금,266
503,병,266
504,우선,265
505,방송통신,265
506,월,263
507,무단,263
508,이사,263
509,연수,262
510,물품,261
511,수수료,261
512,품목,261
513,반드시,260
514,나,259
515,청소년,259
516,소음,259
517,만,259
518,용역,259
519,병역,259
520,보수,258
521,병원,258
522,질병,258
523,작년,257
524,응시,257
525,영향,256
526,식별,256
527,가격,256
528,시작,256
529,발전,255
530,측정,255
531,작업,255
532,치료,255
533,바,254
534,합격,254
535,현금영수증,254
536,달,253
537,사망,253
538,보유,253
539,공시,253
540,기한,252
541,방식,252
542,예산,251
543,회원,251
544,설비,251
545,마을,250
546,진단,250
547,규칙,250
548,계좌,250
549,실제,250
550,충주시,250
551,숫자,249
552,개인정보,249
553,단지,249
554,열람,248
555,장려,248
556,협의,247
557,수고,247
558,계산,246
559,도움,245
560,기본,245
561,특별,244
562,방지,244
563,구,244
564,항목,244
565,수신,244
566,세액,243
567,합,242
568,인근,241
569,문화,241
570,정부,241
571,중인,241
572,당시,241
573,기록,241
574,통,240
575,담당,240
576,상,240
577,장기,239
578,모집,239
579,촬영,238
580,개최,238
581,가정,238
582,주,238
583,인력,238
584,소매,238
585,학습,237
586,입국,237
587,희망,236
588,이행,236
589,운전,236
590,조회,235
591,의료기기,235
592,도시,233
593,은,233
594,우리나라,233
595,소속,233
596,담당자,232
597,해도,232
598,환불,232
599,통신,231
600,회의,231
601,전기,231
602,안녕하십니까,231
603,양식,231
604,약,231
605,단위,230
606,퇴직,230
607,거나,229
608,운동,229
609,예,229
610,교부,228
611,수령,228
612,충청북도,228
613,불편,227
614,쪽,226
615,법적,226
616,공단,225
617,임,225
618,앱,224
619,감사,224
620,검토,224
621,의견,223
622,완료,223
623,부탁,223
624,특정,223
625,자전거,222
626,주시,222
627,동안,221
628,소득세,221
629,계,221
630,정비,220
631,방역,220
632,수행,220
633,과목,220
634,설계,219
635,모바일,218
636,유효,218
637,걸,217
638,보관,217
639,수거,216
640,한번,216
641,경기도,216
642,부서,215
643,판매업,215
644,공간,214
645,일정,214
646,수산물,214
647,구분,213
648,연말정산,213
649,아래,212
650,방안,211
651,처음,211
652,관할,211
653,제기,210
654,부,210
655,자체,210
656,인도,209
657,누가,209
658,구성,209
659,이동,208
660,환급,207
661,방향,206
662,산,206
663,업자,206
664,등기,205
665,처,205
666,중소기업,205
667,외부,205
668,종합소득세,205
669,운송,205
670,관리자,204
671,용도,204
672,사,203
673,건의,203
674,무료,203
675,준공,203
676,얼마나,203
677,근로자,202
678,국제,202
679,선원,202
680,옆,201
681,휴대폰,201
682,상가,201
683,체,201
684,도서,201
685,통합,201
686,허용,201
687,신호,201
688,규제,200
689,전체,199
690,일자,198
691,분리,198
692,차이,198
693,초과,198
694,징수,198
695,출국,198
696,양도,198
697,수가,197
698,전역,197
699,하루,197
700,구체,196
701,방치,195
702,종합,195
703,율,195
704,예비군,195
705,음식점,194
706,각각,194
707,결혼,193
708,연기,193
709,정기,193
710,서울시,193
711,출장,193
712,경로,192
713,거,192
714,고,192
715,가구,192
716,인천,192
717,특수,192
718,나무,191
719,인원,191
720,표,191
721,정의,191
722,아동,190
723,통행,190
724,정정,190
725,확정,190
726,품질,190
727,주의,190
728,장비,190
729,종,189
730,이수,188
731,주소지,187
732,입영,187
733,소재,186
734,공고,186
735,적,186
736,자동,185
737,요즘,185
738,매우,185
739,부모님,185
740,교통,185
741,위생,185
742,사건,185
743,미만,184
744,사무소,184
745,물질,184
746,농약,184
747,게,184
748,미국,184
749,부대,184
750,판정,184
751,기구,183
752,통보,183
753,면,182
754,사전,182
755,체결,182
756,량,182
757,신청서,182
758,국립,182
759,장애,180
760,부터,180
761,면적,180
762,책임,180
763,이내,180
764,개설,179
765,중앙,179
766,출입,179
767,행사,179
768,광주,179
769,학위,179
770,지자체,178
771,기계,178
772,청년,178
773,발행,178
774,상환,178
775,단,177
776,제안,177
777,구청,177
778,충전,176
779,수도,176
780,사설,176
781,출산,176
782,시점,176
783,체험,176
784,과학기술,176
785,특성,175
786,기타,175
787,번호판,175
788,하니,175
789,타,174
790,갱신,174
791,교육비,174
792,연가,174
793,여러,173
794,줄,173
795,만료,173
796,지방세,173
797,발주,173
798,폐교,173
799,그냥,172
800,재난,172
801,계약서,172
802,영어,172
803,계산서,172
804,정상,171
805,단계,171
806,사이트,171
807,공장,171
808,선발,171
809,제대로,170
810,편성,170
811,소유자,170
812,명세서,170
813,부여,170
814,자의,170
815,부산,170
816,간이,170
817,대표자,169
818,돈,169
819,주말,168
820,파손,168
821,횡단보도,168
822,시장,168
823,분할,168
824,실적,168
825,가게,167
826,직업,167
827,직무,167
828,학자금대출,167
829,지난,166
830,재학,166
831,책,165
832,별로,165
833,할인,165
834,공인,165
835,보장,164
836,전혀,164
837,마음,164
838,차선,164
839,미성년,164
840,부모,164
841,전송,164
842,원료,164
843,지도,163
844,이용자,163
845,두,163
846,수용,163
847,제작,163
848,대리점,163
849,봉사활동,163
850,무슨,162
851,대형,162
852,해역,162
853,정말,161
854,데,161
855,야간,161
856,불,161
857,통지,161
858,동시,161
859,규격,161
860,재직,161
861,신문고,160
862,근처,160
863,면허증,160
864,보건,160
865,대구,160
866,정지,159
867,무,159
868,흡연,159
869,대행,159
870,철거,158
871,대체,158
872,유통,158
873,형태,158
874,등급,157
875,수정,157
876,교체,157
877,로부터,156
878,원금,156
879,채,156
880,소리,156
881,유입,156
882,우수,156
883,달라,156
884,사정,156
885,관내,156
886,로서,156
887,뒤,155
888,문,155
889,분양,155
890,대금,155
891,고용,155
892,리,154
893,감,154
894,화장실,153
895,장치,153
896,국,153
897,간,153
898,출입국,153
899,국유재산,153
900,개별,152
901,방해,152
902,제거,152
903,확대,152
904,통지서,152
905,고지,152
906,선생님,152
907,유예,152
908,비율,152
909,일시,151
910,소비자,151
911,매립,151
912,레저,151
913,원인,151
914,반영,151
915,대리인,151
916,구간,150
917,대한민국,150
918,남편,150
919,지구,149
920,보조,149
921,생,149
922,필수,149
923,자금,149
924,업종,149
925,과외,149
926,교육과정,149
927,통화,148
928,지원이,148
929,불구,148
930,통장,148
931,협력,148
932,검정고시,148
933,병가,148
934,착용,147
935,종사,147
936,휴업,147
937,대학교,147
938,대리,147
939,여기,147
940,선임,147
941,생물,147
942,가산,147
943,보조금,146
944,검색,146
945,명령,146
946,우려,145
947,범죄,145
948,마련,145
949,설정,145
950,배치,145
951,혁신,145
952,총,145
953,하도급,145
954,실습,145
955,사학,144
956,조금,143
957,공익,143
958,매입,143
959,소지,143
960,신분증,143
961,귀국,143
962,입금,143
963,지속,142
964,투기,142
965,무상,142
966,체납,142
967,일이,141
968,부부,141
969,명시,141
970,시정,141
971,보안,141
972,조례,141
973,수강,141
974,민간,141
975,물건,140
976,사이,140
977,행정처분,140
978,무인,140
979,공정,140
980,라면,140
981,경쟁,140
982,원산지,140
983,전국,139
984,초본,139
985,자치,139
986,차이점,139
987,식당,138
988,신설,138
989,금융,138
990,관광,137
991,유공,137
992,이란,137
993,유형,137
994,중등,137
995,홈택스,137
996,공공기관,136
997,예약,136
998,분류,136
999,수출,136
1000,노인,135
1001,전환,135
1002,상세,135
1003,증빙,135
1004,뭔가,135
1005,가해,135
1006,확보,134
1007,상속,134
1008,식,134
1009,성적,134
1010,고지서,134
1011,경찰,134
1012,합산,134
1013,참가,134
1014,각종,133
1015,저장,133
1016,소개,133
1017,직장,133
1018,격리,133
1019,가스,133
1020,택시,133
1021,방,133
1022,보도,133
1023,능력,133
1024,전공,133
1025,부지,132
1026,자주,132
1027,입장,132
1028,개명,132
1029,발송,132
1030,대신,132
1031,행정심판,132
1032,집단,132
1033,상의,131
1034,오토바이,131
1035,역할,131
1036,기금,131
1037,화물,131
1038,오염,131
1039,교도소,131
1040,소집,131
1041,어항,131
1042,조성,130
1043,점용,130
1044,수집,130
1045,명칭,130
1046,배포,130
1047,홍보,130
1048,교육지원청,130
1049,태양광,129
1050,진입,129
1051,땅,129
1052,내년,129
1053,불이익,129
1054,친구,129
1055,임대차,129
1056,품종,129
1057,잎,129
1058,당사,128
1059,어린이집,128
1060,폐수,128
1061,영상,128
1062,항상,128
1063,매출,128
1064,동일,128
1065,개방,127
1066,사료,127
1067,규모,127
1068,전문,127
1069,유학,127
1070,전주시,127
1071,복직,127
1072,사립,127
1073,아버지,126
1074,오늘,126
1075,훼손,126
1076,준수,126
1077,임차,126
1078,피,126
1079,학,126
1080,강화,126
1081,참고,125
1082,동물,125
1083,구조,125
1084,부가가치세,125
1085,발견,124
1086,폐지,124
1087,등본,124
1088,청소,124
1089,제보,124
1090,부착,124
1091,매일,124
1092,투자,124
1093,사안,124
1094,가장,123
1095,신호등,123
1096,침해,123
1097,별표,123
1098,등교,123
1099,인사,123
1100,학적,123
1101,시도,122
1102,처리기,122
1103,일수,122
1104,편입,121
1105,미세먼지,121
1106,신축,121
1107,배,121
1108,임기,121
1109,사례,121
1110,경비,121
1111,먼저,121
1112,도입,121
1113,누락,121
1114,중국,121
1115,감독,120
1116,종료,120
1117,그대로,120
1118,차로,120
1119,방제,120
1120,집행,120
1121,영수증,120
1122,승계,120
1123,가로등,119
1124,잘못,119
1125,향후,119
1126,국외,119
1127,대기,119
1128,평생교육,119
1129,의약품,119
1130,원,119
1131,인증서,119
1132,연안,119
1133,납품,119
1134,특수교육,119
1135,카페,118
1136,음,118
1137,긴급,118
1138,에너지,118
1139,의결,118
1140,아들,118
1141,재해,118
1142,집합,117
1143,고장,117
1144,표준,117
1145,강제,117
1146,위임,117
1147,주요,117
1148,탈세,117
1149,아침,116
1150,주거,116
1151,중단,116
1152,매매,116
1153,감리,116
1154,소방,116
1155,반납,116
1156,자신,116
1157,대여,116
1158,차단,116
1159,교직원,116
1160,유해,115
1161,경제,115
1162,수상,115
1163,해상,115
1164,보증,115
1165,내야,115
1166,지위,115
1167,사과,115
1168,기반,115
1169,징계,115
1170,채널,115
1171,학비,115
1172,면세,115
1173,어머니,114
1174,번지,114
1175,이의신청,114
1176,냄새,114
1177,농지,114
1178,납세,114
1179,호의,114
1180,신용카드,114
1181,변,113
1182,진료,113
1183,통한,113
1184,가공,113
1185,사장,113
1186,거주지,113
1187,지인,113
1188,미리,113
1189,동네,112
1190,주체,112
1191,중간,112
1192,득,112
1193,어려움,112
1194,년도,112
1195,승진,112
1196,일자리,111
1197,격,111
1198,재활용,111
1199,자리,111
1200,환경보호,111
1201,상금,111
1202,장,111
1203,서로,111
1204,한지,110
1205,스마트,110
1206,서명,110
1207,최소,110
1208,오후,110
1209,해석,110
1210,방학,110
1211,진흥,110
1212,걱정,109
1213,적극,109
1214,강의,109
1215,법무부,109
1216,회신,108
1217,대응,108
1218,의심,108
1219,양도소득세,108
1220,초등,108
1221,부근,107
1222,이제,107
1223,사거리,107
1224,재료,107
1225,조항,107
1226,월세,107
1227,자로,107
1228,과제,107
1229,정원,107
1230,이메일,107
1231,학급,107
1232,낚시,106
1233,공립,106
1234,부정,106
1235,호봉,106
1236,바다,106
1237,충족,106
1238,교과,106
1239,접종,105
1240,파일,105
1241,입구,105
1242,성인,105
1243,중복,105
1244,주기,105
1245,연결,105
1246,반환,105
1247,전부,105
1248,통학,105
1249,자기,104
1250,재산세,104
1251,삭제,104
1252,연락처,104
1253,출석,104
1254,학부,104
1255,데이터,104
1256,승선,104
1257,비료,103
1258,대부분,103
1259,생계,103
1260,임시,103
1261,소형,103
1262,중개업,103
1263,이자,103
1264,성명,103
1265,순위,103
1266,정리,102
1267,매년,102
1268,포,102
1269,품,102
1270,관심,102
1271,참석,102
1272,협동조합,102
1273,학력,102
1274,교원자격검정,102
1275,의거,101
1276,기기,101
1277,원부,101
1278,채취,101
1279,내부,101
1280,임원,101
1281,포기,101
1282,최대,100
1283,산출,100
1284,수신료,100
1285,은행,100
1286,추천,100
1287,나라,100
1288,표현,100
1289,항의,100
1290,취하,100
1291,국세청,100
1292,방송광고,100
1293,편의,99
1294,주유소,99
1295,상기,99
1296,여성,99
1297,이혼,99
1298,해제,99
1299,농업,99
1300,경찰서,99
1301,대구광역시,99
1302,다수,98
1303,현상,98
1304,제재,98
1305,게시,98
1306,조달,98
1307,문구,98
1308,노력,98
1309,발령,98
1310,날짜,98
1311,문서,98
1312,사무실,98
1313,의사,98
1314,비영리,98
1315,핸드폰,98
1316,매뉴얼,98
1317,류,97
1318,따라서,97
1319,무조건,97
1320,증여,97
1321,표지판,97
1322,보아,97
1323,전력,97
1324,최종,97
1325,뿐,96
1326,포획,96
1327,치,96
1328,밖,96
1329,의뢰,96
1330,교복,96
1331,학과,96
1332,학점,96
1333,부가세,96
1334,안성,96
1335,학술,96
1336,반,95
1337,당일,95
1338,하천,95
1339,최초,95
1340,혼인신고,95
1341,말씀,95
1342,휴대전화,95
1343,안성시,95
1344,약정,95
1345,수산청,95
1346,취득세,94
1347,거의,94
1348,유,94
1349,경기,94
1350,주자,94
1351,수준,94
1352,소요,94
1353,위약금,94
1354,임신,94
1355,맞춤,93
1356,첨부파일,93
1357,악취,93
1358,가맹,93
1359,인감,93
1360,보행자,93
1361,경과,93
1362,매장,93
1363,재개발,93
1364,복합,93
1365,원장,93
1366,교차로,92
1367,속도,92
1368,모,92
1369,놀이,92
1370,전달,92
1371,관해,92
1372,귀속,92
1373,신체검사,92
1374,문제점,91
1375,물이,91
1376,사다리,91
1377,제시,91
1378,이야기,91
1379,관람,91
1380,전화번호,91
1381,타인,91
1382,허위,91
1383,성분,91
1384,음식물,90
1385,오전,90
1386,망,90
1387,속,90
1388,예술,90
1389,임대료,90
1390,금은,90
1391,효과,90
1392,뜻,90
1393,연구소,90
1394,하자,89
1395,며칠,89
1396,소유권,89
1397,보험료,89
1398,군인,89
1399,미디어,89
1400,피해자,89
1401,대구시,89
1402,학교장,89
1403,등대,89
1404,안전교육,88
1405,오피스텔,88
1406,작물,88
1407,권리,88
1408,확,88
1409,가야,88
1410,운전자,88
1411,행정기관,88
1412,고추,88
1413,로그인,88
1414,육군,88
1415,저녁,87
1416,폐,87
1417,실태,87
1418,는걸,87
1419,미착,87
1420,대학생,87
1421,음식,87
1422,변동,87
1423,증가,87
1424,규약,87
1425,증상,87
1426,예외,87
1427,상호,87
1428,보,87
1429,현역,87
1430,과학,87
1431,수립,87
1432,인문,87
1433,특기,87
1434,국가장학금,87
1435,예방접종,86
1436,이면,86
1437,길이,86
1438,대비,86
1439,물류,86
1440,보완,86
1441,구성원,86
1442,톤,86
1443,수익,86
1444,마트,86
1445,법규,86
1446,미납,86
1447,장관,86
1448,농사,86
1449,교통사고,85
1450,대가,85
1451,선거,85
1452,용량,85
1453,영문,85
1454,현,85
1455,생활기록부,85
1456,국방,85
1457,물의,84
1458,자도,84
1459,고려,84
1460,현수막,84
1461,포인트,84
1462,압류,84
1463,청탁,84
1464,광역시,84
1465,우편,84
1466,무직,84
1467,통계,84
1468,신용,83
1469,법원,83
1470,육성,83
1471,노출,83
1472,대부,83
1473,신분,83
1474,일본,83
1475,취급,83
1476,의정부,83
1477,증서,83
1478,해기,83
1479,이외,82
1480,공시지가,82
1481,공부,82
1482,대장,82
1483,평생,82
1484,보급,82
1485,운동장,82
1486,철회,82
1487,회계,82
1488,원칙,82
1489,출항,82
1490,온,82
1491,음주,82
1492,연도,82
1493,풀,82
1494,심판,82
1495,학업,82
1496,시청자,82
1497,좌회전,81
1498,어르신,81
1499,대회,81
1500,친환경,81
1501,입양,81
1502,금연,81
1503,뭐,81
1504,즉,81
1505,행동,81
1506,활성화,81
1507,택배,81
1508,단말기,81
1509,세대주,81
1510,한부모,81
1511,결격,81
1512,학사,81
1513,분석,81
1514,인건비,81
1515,심화,81
1516,점수,81
1517,전기차,80
1518,보이지,80
1519,제발,80
1520,자동차세,80
1521,갑자기,80
1522,가공업,80
1523,존재,80
1524,실내,80
1525,양수,80
1526,인감증명서,80
1527,답,80
1528,불가,80
1529,봉사,80
1530,도란,80
1531,소액,80
1532,금천구,80
1533,교육활동,80
1534,의원,79
1535,온도,79
1536,체크,79
1537,컴퓨터,79
1538,박물관,79
1539,창고,79
1540,봉투,79
1541,보호자,79
1542,게임,79
1543,배달,79
1544,벌금,79
1545,그것,79
1546,아내,79
1547,소송,79
1548,주식,79
1549,여비,79
1550,수감,79
1551,소득공제,79
1552,덕수궁,79
1553,엄마,78
1554,수로,78
1555,시대,78
1556,달리,78
1557,토,78
1558,인상,78
1559,농가,78
1560,회복,78
1561,중개,78
1562,이체,78
1563,밤,78
1564,개통,78
1565,예상,78
1566,차례,78
1567,다만,78
1568,출생신고,78
1569,연료,78
1570,소급,78
1571,한도,78
1572,지불,78
1573,성과,78
1574,양성,78
1575,분교장,78
1576,조업,78
1577,상실,77
1578,두기,77
1579,통제,77
1580,건축법,77
1581,마치,77
1582,생활비,77
1583,진자,77
1584,자율,77
1585,연령,77
1586,임대주택,77
1587,보증금,77
1588,둘,77
1589,역사,77
1590,개념,77
1591,보고서,77
1592,결합,77
1593,꿈,77
1594,진로,77
1595,칙,76
1596,수술,76
1597,운반,76
1598,안심,76
1599,제조업,76
1600,석면,76
1601,목,76
1602,지하수,76
1603,완화,76
1604,자유,76
1605,용품,76
1606,중고,76
1607,원래,76
1608,입대,76
1609,보존,76
1610,얘기,76
1611,즉시,76
1612,수단,76
1613,국외여행,76
1614,누리,76
1615,접속,76
1616,사이버,76
1617,영리,76
1618,접,75
1619,가설,75
1620,주행,75
1621,검정,75
1622,조합,75
1623,주류,75
1624,조속,75
1625,고충,75
1626,부가,75
1627,아동학대,75
1628,분쟁,75
1629,위원장,75
1630,노후,74
1631,체계,74
1632,인적,74
1633,창업,74
1634,상품권,74
1635,중이,74
1636,비상,74
1637,지연,74
1638,조합원,74
1639,연간,74
1640,선출,74
1641,변화,74
1642,소규모,74
1643,예전,74
1644,검역,74
1645,체험학습,74
1646,콘텐츠,74
1647,합병,73
1648,도중,73
1649,바람,73
1650,서식,73
1651,나머지,73
1652,제정,73
1653,지점,73
1654,등등,73
1655,검,73
1656,크기,73
1657,선수,73
1658,준,73
1659,약관,73
1660,책임자,73
1661,밭,72
1662,나이,72
1663,바닥,72
1664,더욱,72
1665,재질,72
1666,지나,72
1667,터미널,72
1668,출근,72
1669,공용,72
1670,요령,72
1671,노선,72
1672,중구,72
1673,구축,72
1674,뉴스,72
1675,편의점,72
1676,정화,72
1677,금제,72
1678,형식,72
1679,가액,72
1680,파견,72
1681,교정,72
1682,공정거래법,72
1683,담임,72
1684,타고,71
1685,지하,71
1686,일로,71
1687,혼인,71
1688,린,71
1689,보기,71
1690,자재,71
1691,고대,71
1692,건강검진,71
1693,인정이,71
1694,박사,71
1695,전형,71
1696,전보,71
1697,출산휴가,71
1698,유류,71
1699,산책로,70
1700,반대,70
1701,끝,70
1702,위촉,70
1703,일반인,70
1704,자연,70
1705,새벽,70
1706,서울특별시,70
1707,보통,70
1708,식물,70
1709,반복,70
1710,아주,70
1711,상이,70
1712,요양,70
1713,수첩,70
1714,부처,70
1715,초등학생,69
1716,눈,69
1717,포털,69
1718,백신,69
1719,우회,69
1720,고생,69
1721,취지,69
1722,여행,69
1723,시공,69
1724,동대문구,69
1725,발굴,69
1726,문의사항,69
1727,둘째,69
1728,식사,69
1729,사용자,69
1730,직렬,69
1731,해운,69
1732,교,68
1733,조기,68
1734,불량,68
1735,토양,68
1736,카메라,68
1737,전시,68
1738,국민신문고,68
1739,이익,68
1740,하라,68
1741,동원,68
1742,진학,68
1743,원서,68
1744,항제,68
1745,반입,68
1746,영주권,68
1747,포항,68
1748,수확,67
1749,매번,67
1750,골목,67
1751,보일러,67
1752,손,67
1753,유료,67
1754,주로,67
1755,자원,67
1756,터,67
1757,모습,67
1758,권한,67
1759,노고,67
1760,서면,67
1761,수선,67
1762,비치,67
1763,현실,67
1764,치유,67
1765,서도,67
1766,디지털,67
1767,예비,67
1768,실무,67
1769,메일,67
1770,국민권익위,67
1771,크게,66
1772,정신,66
1773,취,66
1774,소식,66
1775,미래,66
1776,용기,66
1777,거소,66
1778,납,66
1779,당사자,66
1780,정산,66
1781,여자,66
1782,사기,66
1783,씨,66
1784,당,66
1785,일방,66
1786,귀,66
1787,운전면허,66
1788,기부,66
1789,음악,66
1790,어장,66
1791,군복무,66
1792,상임,66
1793,인접,65
1794,다가,65
1795,사가,65
1796,착공,65
1797,대규모,65
1798,수학,65
1799,면접,65
1800,효력,65
1801,비교,65
1802,경정,65
1803,세법,65
1804,높이,64
1805,드림,64
1806,복구,64
1807,코,64
1808,환자,64
1809,농산물,64
1810,인하,64
1811,개시,64
1812,소재지,64
1813,놀이터,64
1814,지방자치단체,64
1815,의문,64
1816,측,64
1817,인식,64
1818,지출,64
1819,화재,64
1820,부금,64
1821,기회,64
1822,중지,64
1823,점유,64
1824,단독,64
1825,출력,64
1826,불복,64
1827,석,64
1828,법정,64
1829,아예,63
1830,명부,63
1831,마리,63
1832,귀화,63
1833,감염,63
1834,사단,63
1835,이중,63
1836,실행,63
1837,수사,63
1838,배송,63
1839,축산물,63
1840,노래,63
1841,운전면허증,63
1842,기상,63
1843,선의,63
1844,하도급법,63
1845,듯,62
1846,여,62
1847,재단,62
1848,녹색,62
1849,평일,62
1850,횟수,62
1851,유출,62
1852,점포,62
1853,과거,62
1854,수의계약,62
1855,술,62
1856,사본,62
1857,마지막,62
1858,대처,62
1859,스마트폰,62
1860,행업,62
1861,정보통,62
1862,공무,62
1863,소관,62
1864,신자,62
1865,계단,61
1866,보드,61
1867,보행,61
1868,조종사,61
1869,막,61
1870,환급금,61
1871,가축,61
1872,종이,61
1873,판,61
1874,이기,61
1875,식육,61
1876,교류,61
1877,첫째,61
1878,북구,61
1879,형,61
1880,도선,61
1881,제주,61
1882,청약,61
1883,전주,61
1884,설,61
1885,병사,61
1886,해양수산부,61
1887,교과서,61
1888,강좌,60
1889,오류,60
1890,쇼핑몰,60
1891,입원,60
1892,하수,60
1893,사의,60
1894,임금,60
1895,모델,60
1896,고등학생,60
1897,동력,60
1898,협약,60
1899,코드,60
1900,값,60
1901,자진,60
1902,견학,60
1903,대전,60
1904,부산광역시,60
1905,유급,60
1906,적합,60
1907,스팸,60
1908,임상시험,60
1909,이의,59
1910,인구,59
1911,한글,59
1912,정이,59
1913,유의,59
1914,중도,59
1915,해체,59
1916,게시판,59
1917,조명,59
1918,교회,59
1919,정화조,59
1920,한국인,59
1921,보안등,59
1922,조리,59
1923,영위,59
1924,도면,59
1925,공문,59
1926,최저,59
1927,투입,59
1928,후보자,59
1929,벌레,59
1930,선물,59
1931,금지법,59
1932,수중,59
1933,아빠,59
1934,구제,59
1935,출생,59
1936,교육부,59
1937,병설,59
1938,내항,59
1939,패류,59
1940,감소,58
1941,자산,58
1942,전라북도,58
1943,재정,58
1944,공지,58
1945,미터,58
1946,오히려,58
1947,혼자,58
1948,진행중,58
1949,성,58
1950,사랑,58
1951,여름,58
1952,확산,58
1953,담합,58
1954,파악,58
1955,인용,58
1956,장기간,58
1957,국세,58
1958,관측,58
1959,어촌,58
1960,통상,58
1961,사법,58
1962,특례,58
1963,겸직,58
1964,외교,58
1965,교수,58
1966,준설,58
1967,관세,58
1968,증여세,58
1969,니,57
1970,어제,57
1971,다리,57
1972,지시,57
1973,실정,57
1974,옥상,57
1975,위법,57
1976,난,57
1977,안정,57
1978,식용,57
1979,스티커,57
1980,열매,57
1981,이력,57
1982,팀,57
1983,병적,57
1984,기획,57
1985,초청,57
1986,자사,57
1987,고구마,56
1988,보건소,56
1989,아무,56
1990,날씨,56
1991,숙박,56
1992,가동,56
1993,부디,56
1994,유발,56
1995,고문,56
1996,단축,56
1997,소상,56
1998,거절,56
1999,본부,56
2000,축,56
2001,늘,56
2002,신경,56
2003,뿌리,56
2004,남자,56
2005,읍니,56
2006,공휴일,56
2007,약품,56
2008,세율,56
2009,사관,56
2010,기술자,56
2011,군데,56
2012,화장품,56
2013,등록금,56
2014,학교생활기록부,56
2015,종자,56
2016,무시,55
2017,경계,55
2018,몸,55
2019,추정,55
2020,알림,55
2021,민세,55
2022,매도,55
2023,정문,55
2024,간판,55
2025,빌라,55
2026,매수,55
2027,결재,55
2028,부패,55
2029,제로,55
2030,낙찰,55
2031,임의,55
2032,경,55
2033,가능성,55
2034,편,55
2035,추후,55
2036,전산,55
2037,첫,55
2038,한정,55
2039,전담,55
2040,체육관,55
2041,주관,55
2042,목록,55
2043,질,54
2044,대안,54
2045,버스정류장,54
2046,소독,54
2047,전세,54
2048,터널,54
2049,평균,54
2050,유도,54
2051,통일,54
2052,선도,54
2053,기공사,54
2054,퇴근,54
2055,여러가지,54
2056,로만,54
2057,공업,54
2058,고서,54
2059,동생,54
2060,매,54
2061,창의,54
2062,입시,54
2063,일괄,54
2064,맞벌이,54
2065,영역,54
2066,소의,54
2067,전자담배,54
2068,정관,54
2069,정보통신망법,54
2070,강아지,53
2071,지목,53
2072,대지,53
2073,적재,53
2074,발,53
2075,공모,53
2076,수질,53
2077,꽃,53
2078,정류장,53
2079,후속,53
2080,부위,53
2081,배제,53
2082,사무,53
2083,용이,53
2084,중학생,53
2085,곤란,53
2086,등재,53
2087,강동구,53
2088,허가증,53
2089,주문,53
2090,부득이,53
2091,금품,53
2092,불법체류자,53
2093,연체,53
2094,권유,53
2095,유보,53
2096,원천,53
2097,교육감,53
2098,녀,52
2099,팩스,52
2100,기도,52
2101,경영,52
2102,전통,52
2103,귀가,52
2104,먼지,52
2105,배경,52
2106,가로수,52
2107,합의,52
2108,스트레스,52
2109,과일,52
2110,상대,52
2111,려고,52
2112,조직,52
2113,도매,52
2114,생년,52
2115,항해,52
2116,운항,52
2117,범칙,52
2118,바이러스,52
2119,복권,52
2120,부품,52
2121,결석,52
2122,취학,52
2123,습자,52
2124,조사원,52
2125,오니,51
2126,해소,51
2127,전문가,51
2128,휴게,51
2129,봄,51
2130,종량제,51
2131,증축,51
2132,주택가,51
2133,영등포구,51
2134,강원도,51
2135,전출,51
2136,듭니,51
2137,딸,51
2138,흙,51
2139,장사,51
2140,마감,51
2141,복수,51
2142,상위,51
2143,사비,51
2144,민방위,51
2145,연습장,51
2146,당초,51
2147,농도,51
2148,부두,51
2149,보상금,51
2150,교통비,51
2151,변호사,51
2152,자문,51
2153,교재,51
2154,부양가족,51
2155,사회사업,51
2156,궁,50
2157,쉬,50
2158,킥,50
2159,세계,50
2160,잔,50
2161,시일,50
2162,컨테이너,50
2163,차원,50
2164,주장,50
2165,회관,50
2166,가족관계등록부,50
2167,창,50
2168,위협,50
2169,가로,50
2170,지하철,50
2171,부상,50
2172,주간,50
2173,채권,50
2174,그동안,50
2175,재개,50
2176,침범,50
2177,살포,50
2178,불명,50
2179,폐기,50
2180,판결,50
2181,토요일,50
2182,이송,50
2183,주가,50
2184,입증,50
2185,이행강제금,50
2186,실수,50
2187,프로,50
2188,통신비,50
2189,병무청,50
2190,마늘,50
2191,직위,50
2192,어종,50
2193,동해,50
2194,통관,50
2195,어구,50
2196,전액,49
2197,산책,49
2198,차도,49
2199,검진,49
2200,유치,49
2201,과속방지턱,49
2202,보전,49
2203,용지,49
2204,유튜브,49
2205,정시,49
2206,그린,49
2207,주거지,49
2208,정액,49
2209,이건,49
2210,해주시,49
2211,미생물,49
2212,보시,49
2213,명단,49
2214,내지,49
2215,영업소,49
2216,선업,49
2217,냉동,49
2218,굴,49
2219,세관,49
2220,교육대학,49
2221,수역,49
2222,경북,48
2223,동영상,48
2224,다자,48
2225,농어촌,48
2226,출시,48
2227,충전기,48
2228,종교,48
2229,교환,48
2230,인권,48
2231,충당금,48
2232,출퇴근,48
2233,과연,48
2234,창문,48
2235,형사,48
2236,세무,48
2237,목표,48
2238,필기,48
2239,협회,48
2240,시내,48
2241,매달,48
2242,계층,48
2243,용어,48
2244,역병,48
2245,기상청,48
2246,양육,47
2247,도로로,47
2248,시내버스,47
2249,비행,47
2250,수처리,47
2251,매월,47
2252,남,47
2253,위로,47
2254,접촉,47
2255,간주,47
2256,화상,47
2257,벌,47
2258,사태,47
2259,환수,47
2260,메시지,47
2261,적정,47
2262,보도자료,47
2263,지역화폐,47
2264,매각,47
2265,수료,47
2266,포항시,47
2267,일용,47
2268,줄기,47
2269,재화,47
2270,학문,47
2271,어획,47
2272,폐차,46
2273,보육,46
2274,주인,46
2275,아기,46
2276,독서실,46
2277,다문화,46
2278,난임,46
2279,스포츠,46
2280,행복,46
2281,여객선,46
2282,부족,46
2283,작동,46
2284,운용,46
2285,도장,46
2286,부양,46
2287,지장,46
2288,수시,46
2289,퇴사,46
2290,청원,46
2291,애,46
2292,시티,46
2293,폭력,46
2294,산입,46
2295,사립학교,46
2296,유사,46
2297,톤수,46
2298,대기업,46
2299,현지,46
2300,북한,46
2301,나이스,46
2302,벼,46
2303,제조업체,46
2304,바이오,46
2305,방면,45
2306,비닐,45
2307,힘,45
2308,모임,45
2309,트럭,45
2310,농장,45
2311,수련,45
2312,권고,45
2313,전원,45
2314,감시,45
2315,통과,45
2316,역시,45
2317,건설업,45
2318,월급,45
2319,효율,45
2320,매체,45
2321,무기,45
2322,입자,45
2323,해임,45
2324,시오,45
2325,계열,45
2326,전단지,45
2327,면회,45
2328,김,45
2329,청렴,45
2330,근무시간,45
2331,이탈,45
2332,정보보호,45
2333,수습,45
2334,대학원,45
2335,탈퇴,45
2336,고유,45
2337,장학,45
2338,유아교육,45
2339,블럭,44
2340,동반,44
2341,록,44
2342,결산,44
2343,대통령령,44
2344,직권,44
2345,굳이,44
2346,간격,44
2347,불만,44
2348,고속도로,44
2349,수치,44
2350,찾기,44
2351,성립,44
2352,심지어,44
2353,화면,44
2354,어찌,44
2355,거기,44
2356,주지,44
2357,가면,44
2358,케이블,44
2359,월간,44
2360,정서,44
2361,종목,44
2362,입사,44
2363,고소,44
2364,쿠폰,44
2365,공군,44
2366,남부,44
2367,항공,44
2368,정규,44
2369,병력,44
2370,어학,44
2371,어류,44
2372,수산업,44
2373,가석방,44
2374,새만금,44
2375,귀농,43
2376,산지,43
2377,길고양이,43
2378,미관,43
2379,치매,43
2380,상반기,43
2381,고사항,43
2382,육상,43
2383,상생,43
2384,촉진,43
2385,고민,43
2386,합법,43
2387,그때,43
2388,박스,43
2389,봉,43
2390,상대방,43
2391,집중,43
2392,비지,43
2393,메뉴,43
2394,복숭아,43
2395,오프라인,43
2396,선장,43
2397,혼합,43
2398,계급,43
2399,국유,43
2400,기본소득,43
2401,가산금,43
2402,연구개발,43
2403,학군,43
2404,포장재,43
2405,승무,43
2406,위성,43
2407,중심,42
2408,경상북도,42
2409,순창군,42
2410,양,42
2411,보지,42
2412,불가능,42
2413,끼리,42
2414,퇴비,42
2415,돌,42
2416,여름철,42
2417,고양이,42
2418,수량,42
2419,무허가,42
2420,감액,42
2421,집회,42
2422,잔액,42
2423,음성,42
2424,겁,42
2425,유의사항,42
2426,무효,42
2427,구민,42
2428,잠,42
2429,여권사진,42
2430,실시간,42
2431,방류,42
2432,회수,42
2433,포상,42
2434,여건,42
2435,불합리,42
2436,어플,42
2437,소매업,42
2438,용의,42
2439,개요,42
2440,해양오염,42
2441,불합격,42
2442,행,42
2443,신문,42
2444,임무,42
2445,간담,42
2446,벌칙,42
2447,영재교육,42
2448,정근,42
2449,공증,42
2450,방위사업청,42
2451,군번,42
2452,지상파,42
2453,과징금,41
2454,발전소,41
2455,태풍,41
2456,임산부,41
2457,축하,41
2458,이륜자동차,41
2459,손님,41
2460,옥외광고,41
2461,소가,41
2462,마,41
2463,저축,41
2464,벽,41
2465,적성검사,41
2466,지상,41
2467,몇번,41
2468,회장,41
2469,동,41
2470,이나,41
2471,개정안,41
2472,발달,41
2473,경찰관,41
2474,관계자,41
2475,제목,41
2476,생태,41
2477,행정사,41
2478,부당,41
2479,위임장,41
2480,나중,41
2481,출제,41
2482,아르바이트,41
2483,소명,41
2484,차별,41
2485,고발,41
2486,부산시,41
2487,와이파이,41
2488,부친,41
2489,이월,41
2490,전직,41
2491,총회,41
2492,거래처,41
2493,해양사고,41
2494,과속,40
2495,시간대,40
2496,농협,40
2497,도착,40
2498,저촉,40
2499,투명,40
2500,분뇨,40
2501,개조,40
2502,금년,40
2503,동아리,40
2504,관청,40
2505,플러스,40
2506,상수도,40
2507,시중,40
2508,유무,40
2509,치가,40
2510,트,40
2511,자영,40
2512,보이,40
2513,일치,40
2514,손해,40
2515,협조,40
2516,최고,40
2517,고기,40
2518,당장,40
2519,언어,40
2520,자원봉사,40
2521,군대,40
2522,유선,40
2523,교통법규,40
2524,톡,40
2525,연,40
2526,남해,40
2527,정년,40
2528,합격자,40
2529,가공품,40
2530,면직,40
2531,초과근무,40
2532,방송사,40
2533,측량,39
2534,평소,39
2535,출발,39
2536,재건축,39
2537,절대,39
2538,필증,39
2539,친,39
2540,콜,39
2541,도대체,39
2542,관리소,39
2543,급수,39
2544,유지관리,39
2545,단가,39
2546,승강기,39
2547,단순,39
2548,곧,39
2549,육,39
2550,출처,39
2551,블로그,39
2552,학자금,39
2553,개업,39
2554,직진,39
2555,승용차,39
2556,상속인,39
2557,공주시,39
2558,쌀,39
2559,아산시,39
2560,유실,39
2561,특성화고,39
2562,군부,39
2563,서신,39
2564,숙려,39
2565,독소,39
2566,포도,39
2567,폐쇄,38
2568,배관,38
2569,기름,38
2570,건립,38
2571,민,38
2572,위기,38
2573,임야,38
2574,관리인,38
2575,순서,38
2576,도시가스,38
2577,대중교통,38
2578,상향,38
2579,복귀,38
2580,의자,38
2581,수요,38
2582,반려,38
2583,밑,38
2584,소장,38
2585,개량,38
2586,참조,38
2587,소통,38
2588,대화,38
2589,공식,38
2590,심,38
2591,시공사,38
2592,일주일,38
2593,신체,38
2594,이미지,38
2595,질환,38
2596,일단,38
2597,휴일,38
2598,예보,38
2599,대관,38
2600,습관,38
2601,정보화,38
2602,보직,38
2603,검찰,38
2604,형법,38
2605,발신,38
2606,덕진구,38
2607,성능,38
2608,복원,38
2609,인재,38
2610,관제,38
2611,참전,38
2612,유기,38
2613,출연,38
2614,기질,38
2615,무역,38
2616,역량,38
2617,무제한,38
2618,운영자,38
2619,편입학,38
2620,파종,38
2621,가끔,37
2622,목격,37
2623,고증,37
2624,도로명주소,37
2625,관리원,37
2626,육아,37
2627,고자,37
2628,투표,37
2629,도색,37
2630,꽁초,37
2631,요소,37
2632,계량기,37
2633,형제,37
2634,논의,37
2635,인체,37
2636,유리,37
2637,잡초,37
2638,증설,37
2639,가기,37
2640,손해배상,37
2641,언급,37
2642,컨설팅,37
2643,자본,37
2644,남구,37
2645,접객,37
2646,유족,37
2647,계류,37
2648,종전,37
2649,충남,37
2650,가해자,37
2651,연구원,37
2652,민법,37
2653,재학생,37
2654,중국인,37
2655,니코틴,37
2656,시민권,37
2657,정직,37
2658,가일수,37
2659,석사,37
2660,불공정,37
2661,재청,37
2662,베트남,37
2663,물자,37
2664,국토,36
2665,돼지,36
2666,가량,36
2667,재량,36
2668,청사,36
2669,친권자,36
2670,배상,36
2671,화물자동차,36
2672,적발,36
2673,반려견,36
2674,탈락,36
2675,예정자,36
2676,주위,36
2677,라인,36
2678,집안,36
2679,해충,36
2680,가사,36
2681,공직자,36
2682,노동자,36
2683,독서,36
2684,가입자,36
2685,재판,36
2686,약국,36
2687,하반기,36
2688,자퇴,36
2689,카카오,36
2690,차주,36
2691,주어,36
2692,구독,36
2693,전파,36
2694,결,36
2695,차등,36
2696,공영,36
2697,함량,36
2698,상법,36
2699,원어민,36
2700,장병,36
2701,의결권,36
2702,교권,36
2703,종교인,36
2704,일대,35
2705,토사,35
2706,등산,35
2707,수영장,35
2708,확장,35
2709,복수국적,35
2710,청장,35
2711,탑승,35
2712,증권,35
2713,겨울,35
2714,난방,35
2715,어업권,35
2716,대로,35
2717,역서,35
2718,누군가,35
2719,상승,35
2720,정식,35
2721,취해,35
2722,므,35
2723,분명,35
2724,증거,35
2725,마찬가지,35
2726,의정부시,35
2727,오지,35
2728,직장인,35
2729,융자,35
2730,내의,35
2731,부업,35
2732,지번,35
2733,월일,35
2734,배수,35
2735,서구,35
2736,상하,35
2737,중순,35
2738,현행,35
2739,제곱미터,35
2740,대략,35
2741,비공개,35
2742,복사,35
2743,모양,35
2744,특별자치도,35
2745,반품,35
2746,휴대,35
2747,마리나,35
2748,안내서,35
2749,건조,35
2750,중점,35
2751,전기공,35
2752,지능,35
2753,가이드라인,35
2754,예규,35
2755,안동시,35
2756,등부,35
2757,재생에너지,35
2758,턱,34
2759,점등,34
2760,몇개,34
2761,갑,34
2762,무분별,34
2763,결혼식,34
2764,책정,34
2765,상당,34
2766,안전성,34
2767,전기자동차,34
2768,지진,34
2769,복지관,34
2770,서나,34
2771,음료,34
2772,탄소,34
2773,사육,34
2774,이륜차,34
2775,분리수거,34
2776,위배,34
2777,광장,34
2778,직계,34
2779,요망,34
2780,제의,34
2781,새,34
2782,취약,34
2783,최대한,34
2784,기적,34
2785,사용승인,34
2786,경보,34
2787,입소,34
2788,한계,34
2789,기증,34
2790,성장,34
2791,법정대리인,34
2792,혹,34
2793,진짜,34
2794,창구,34
2795,로써,34
2796,공모전,34
2797,실질,34
2798,이상인,34
2799,인공,34
2800,도로점용,34
2801,잔류,34
2802,매점,34
2803,예시,34
2804,조작,34
2805,만원,34
2806,채무,34
2807,업소,34
2808,이민,34
2809,장학생,34
2810,거제시,34
2811,연차,34
2812,사서,34
2813,완제,34
2814,무인도,34
2815,전류,34
2816,콩,34
2817,방산,34
2818,노무,33
2819,녹지,33
2820,반사경,33
2821,화가,33
2822,노점상,33
2823,교통카드,33
2824,조종,33
2825,지적,33
2826,납세의무,33
2827,장마,33
2828,숲,33
2829,교량,33
2830,골,33
2831,진출,33
2832,고정,33
2833,절,33
2834,수소,33
2835,중계기,33
2836,기억,33
2837,고의,33
2838,견적,33
2839,어른,33
2840,여유,33
2841,태도,33
2842,관공서,33
2843,네이버,33
2844,가루,33
2845,제일,33
2846,단어,33
2847,동등,33
2848,여야,33
2849,비밀번호,33
2850,재외국민,33
2851,전반,33
2852,보정,33
2853,씨앗,33
2854,창고업,33
2855,미용,33
2856,혐의,33
2857,인수,33
2858,화학,33
2859,시가,33
2860,통학버스,33
2861,과실,33
2862,소로,33
2863,이로,33
2864,거짓,33
2865,공항,33
2866,가치,33
2867,전자상거래,33
2868,특,33
2869,유수,33
2870,링,33
2871,식비,33
2872,생태계,33
2873,이벤트,33
2874,휴무,33
2875,동거,33
2876,유산,33
2877,공도,33
2878,직위해제,33
2879,연구기관,33
2880,경복궁,33
2881,초래,32
2882,률,32
2883,전면,32
2884,고통,32
2885,구가,32
2886,종결,32
2887,잔금,32
2888,환경보전,32
2889,구거,32
2890,조류,32
2891,상습,32
2892,공공,32
2893,개체,32
2894,농촌,32
2895,객,32
2896,차감,32
2897,공동체,32
2898,겸임,32
2899,경고,32
2900,초기,32
2901,마무리,32
2902,지식,32
2903,복,32
2904,정해진,32
2905,조리사,32
2906,무관,32
2907,콜센터,32
2908,만기,32
2909,처럼,32
2910,부문,32
2911,목포,32
2912,대면,32
2913,상자,32
2914,저작권,32
2915,다운,32
2916,고가,32
2917,굴착,32
2918,공연,32
2919,간부,32
2920,맛,32
2921,코스,32
2922,화학물질,32
2923,우유,32
2924,달서구,32
2925,생략,32
2926,시행일,32
2927,출자,32
2928,유심,32
2929,냉장,32
2930,특징,32
2931,착수,32
2932,성북구,32
2933,부사관,32
2934,봉급,32
2935,본국,32
2936,접견,32
2937,국산,32
2938,행복도시,32
2939,중성,31
2940,경험,31
2941,에어컨,31
2942,야외,31
2943,이경우,31
2944,선고,31
2945,이주,31
2946,화물차,31
2947,출구,31
2948,흡수,31
2949,교내,31
2950,공해,31
2951,신탁,31
2952,지붕,31
2953,추출,31
2954,보강,31
2955,필지,31
2956,적도,31
2957,최소한,31
2958,화,31
2959,와이프,31
2960,담보,31
2961,소비,31
2962,도로교통법,31
2963,식약처,31
2964,평화,31
2965,도저히,31
2966,외출,31
2967,계절,31
2968,출결,31
2969,실명,31
2970,재결,31
2971,충청남도,31
2972,공채,31
2973,발효,31
2974,마일리지,31
2975,진술,31
2976,사시,31
2977,시비,31
2978,집행유예,31
2979,백만원,31
2980,국선,31
2981,영양,31
2982,해설,31
2983,에듀,31
2984,양천구,31
2985,피아노,31
2986,상한,31
2987,기록물,31
2988,기입,31
2989,거제,31
2990,냉,31
2991,해외여행,31
2992,경조사,31
2993,구치소,31
2994,퇴직금,31
2995,의약외품,31
2996,정통부,31
2997,전투화,31
2998,상근예비역,31
2999,국방부,31
3000,읍,30
3001,기분,30
3002,울타리,30
3003,직전,30
3004,맨홀,30
3005,경도,30
3006,탑재,30
3007,입장료,30
3008,을,30
3009,난간,30
3010,보충,30
3011,그물,30
3012,키,30
3013,배수로,30
3014,군수,30
3015,수질검사,30
3016,잠시,30
3017,누수,30
3018,재심,30
3019,수의,30
3020,공,30
3021,볼라드,30
3022,발간,30
3023,일요일,30
3024,영등포,30
3025,강원,30
3026,단독주택,30
3027,찬성,30
3028,저번,30
3029,낮,30
3030,처방,30
3031,악화,30
3032,광역,30
3033,세무사,30
3034,날인,30
3035,영화,30
3036,형제자매,30
3037,선급금,30
3038,천안시,30
3039,가운데,30
3040,해수욕장,30
3041,성폭력,30
3042,인과,30
3043,고액,30
3044,학습자,30
3045,교장,30
3046,예정일,30
3047,울산,30
3048,논,30
3049,선금,30
3050,명예퇴직,30
3051,반지원,30
3052,신용정보,30
3053,수협,30
3054,농촌진흥청,30
3055,자원부,30
3056,빛,29
3057,등하교,29
3058,위도,29
3059,폭우,29
3060,얼굴,29
3061,강,29
3062,감축,29
3063,사후,29
3064,길거리,29
3065,산림,29
3066,조물,29
3067,만일,29
3068,이해관계,29
3069,플라스틱,29
3070,시야,29
3071,승객,29
3072,인쇄,29
3073,공법,29
3074,종일,29
3075,이직,29
3076,융합,29
3077,티비,29
3078,생기,29
3079,적립,29
3080,머리,29
3081,이동통신,29
3082,동사무소,29
3083,거치,29
3084,달이,29
3085,죄,29
3086,세상,29
3087,순,29
3088,색,29
3089,밥,29
3090,종종,29
3091,발부,29
3092,버튼,29
3093,정거,29
3094,진,29
3095,향상,29
3096,도시재생,29
3097,북부,29
3098,계시,29
3099,마약,29
3100,학점은행제,29
3101,목포시,29
3102,감정,29
3103,두번째,29
3104,업주,29
3105,추적,29
3106,집주인,29
3107,기념,29
3108,명함,29
3109,지킴,29
3110,간병,29
3111,지역별,29
3112,감염병,29
3113,기숙사,29
3114,세로,29
3115,호텔,29
3116,제주도,29
3117,강의실,29
3118,엔지니어링,29
3119,평,29
3120,법인세,29
3121,적금,29
3122,연봉,29
3123,충주,29
3124,수능,29
3125,대우,29
3126,실험,29
3127,장해,29
3128,검증,29
3129,병역의무,29
3130,보험금,29
3131,도급,29
3132,협찬,29
3133,전략,29
3134,정밀,29
3135,통발,29
3136,망어,29
3137,판문점,29
3138,수상기,29
3139,군청,28
3140,수렴,28
3141,폭,28
3142,완공,28
3143,변조,28
3144,전북,28
3145,점점,28
3146,곳도,28
3147,마당,28
3148,어기,28
3149,겸,28
3150,오픈,28
3151,최신,28
3152,철,28
3153,농작물,28
3154,농,28
3155,할머니,28
3156,단기,28
3157,소멸,28
3158,신입생,28
3159,구로,28
3160,방범,28
3161,중계,28
3162,공기,28
3163,주방,28
3164,목별,28
3165,통로,28
3166,좌석,28
3167,불금,28
3168,모니터링,28
3169,지고,28
3170,허락,28
3171,남아,28
3172,상해,28
3173,기여,28
3174,충격,28
3175,야합,28
3176,미지,28
3177,축제,28
3178,제제,28
3179,안양시,28
3180,반려동물,28
3181,수년,28
3182,명절,28
3183,우체국,28
3184,국민연금,28
3185,축산,28
3186,무선,28
3187,폭행,28
3188,도용,28
3189,채무자,28
3190,간의,28
3191,권장,28
3192,실효,28
3193,발열,28
3194,홈,28
3195,외국어,28
3196,공기청정기,28
3197,하우스,28
3198,윤리,28
3199,완전,28
3200,정수,28
3201,충북,28
3202,본사,28
3203,성범죄,28
3204,멘토링,28
3205,칠금동,28
3206,연수동,28
3207,리더,28
3208,재외동포,28
3209,논문,28
3210,발전기,28
3211,이중국적,28
3212,획득,28
3213,새우,28
3214,재취,28
3215,지표조사,28
3216,배후,28
3217,항행,28
3218,침몰,28
3219,수목,27
3220,안쪽,27
3221,벤치,27
3222,그로,27
3223,자꾸,27
3224,당황,27
3225,담장,27
3226,일찍,27
3227,기원,27
3228,만큼,27
3229,신생아,27
3230,할아버지,27
3231,상관,27
3232,섭취,27
3233,하수도,27
3234,농민,27
3235,세무조사,27
3236,상업,27
3237,관광지,27
3238,환경부,27
3239,유물,27
3240,소나무,27
3241,주차공간,27
3242,서부,27
3243,동행,27
3244,부설,27
3245,안보,27
3246,효성,27
3247,실선,27
3248,격심,27
3249,과도,27
3250,그게,27
3251,타이어,27
3252,타당,27
3253,언론,27
3254,의류,27
3255,로마자,27
3256,의사표시,27
3257,하차,27
3258,예고,27
3259,소각,27
3260,우편물,27
3261,선적,27
3262,종묘,27
3263,금번,27
3264,마비,27
3265,안동,27
3266,보이스피싱,27
3267,소견,27
3268,분납,27
3269,미사,27
3270,명예,27
3271,클릭,27
3272,일상생활,27
3273,지수,27
3274,벌이,27
3275,유학생,27
3276,수성구,27
3277,본점,27
3278,중형,27
3279,결핵,27
3280,플랫폼,27
3281,식품첨가물,27
3282,고삼,27
3283,공가,27
3284,협정,27
3285,과천시,27
3286,불법체류,27
3287,입항,27
3288,비밀,27
3289,직구,27
3290,노임,27
3291,수행평가,27
3292,구지원,27
3293,행동강령,27
3294,조소,27
3295,도선사,27
3296,탄저병,27
3297,한전,27
3298,형성,26
3299,개편,26
3300,원상,26
3301,집앞,26
3302,시국,26
3303,납득,26
3304,해산,26
3305,빈번,26
3306,추징,26
3307,드론,26
3308,사적,26
3309,보훈,26
3310,후보,26
3311,부적합,26
3312,손실,26
3313,커피,26
3314,착,26
3315,학대,26
3316,일인,26
3317,대답,26
3318,약간,26
3319,링크,26
3320,황색,26
3321,삶,26
3322,일제,26
3323,이웃,26
3324,먹이,26
3325,순환,26
3326,외주,26
3327,낭비,26
3328,내일,26
3329,유턴,26
3330,비디오,26
3331,고제,26
3332,공중위생,26
3333,감경,26
3334,구별,26
3335,디자인,26
3336,도세,26
3337,적응,26
3338,어은골,26
3339,고압,26
3340,반출,26
3341,합계,26
3342,상속세,26
3343,시범,26
3344,등기부,26
3345,동구,26
3346,징역,26
3347,실기,26
3348,냉방,26
3349,고교,26
3350,알레르기,26
3351,고시원,26
3352,할당,26
3353,결의,26
3354,균,26
3355,프리랜서,26
3356,시보,26
3357,휴학,26
3358,일비,26
3359,버섯,26
3360,캐나다,26
3361,자회사,26
3362,함유,26
3363,교직과정,26
3364,부평,26
3365,근해,26
3366,산과학,26
3367,보육료,25
3368,농기,25
3369,지지,25
3370,도민,25
3371,침수,25
3372,시간표,25
3373,초생,25
3374,구멍,25
3375,퇴적,25
3376,채소,25
3377,시간제,25
3378,베란다,25
3379,다중,25
3380,태국,25
3381,추첨,25
3382,등산로,25
3383,글로벌,25
3384,등록면허세,25
3385,근절,25
3386,원룸,25
3387,마다,25
3388,연속,25
3389,그늘,25
3390,결원,25
3391,호수,25
3392,압니,25
3393,스,25
3394,파기,25
3395,페이스북,25
3396,헬스장,25
3397,정작,25
3398,재활,25
3399,처가,25
3400,욕설,25
3401,부의,25
3402,합동,25
3403,남북,25
3404,취사,25
3405,심리,25
3406,한해,25
3407,일지,25
3408,출판사,25
3409,과세표준,25
3410,후기,25
3411,방파제,25
3412,알기,25
3413,무지,25
3414,벌점,25
3415,고령자,25
3416,상대로,25
3417,송금,25
3418,금속,25
3419,원본,25
3420,금일,25
3421,환기,25
3422,기후,25
3423,중개사,25
3424,가을,25
3425,만족도,25
3426,유래,25
3427,연관,25
3428,중과,25
3429,서산시,25
3430,일과,25
3431,체인,25
3432,서해,25
3433,투자자,25
3434,토종,25
3435,직급,25
3436,대사관,25
3437,미인,25
3438,시간외근무,25
3439,대표이사,25
3440,정치,25
3441,중견,25
3442,장부,25
3443,고궁,25
3444,홈텍스,25
3445,적조,25
3446,홉,25
3447,훈련소,25
3448,열,24
3449,자활,24
3450,상처,24
3451,양쪽,24
3452,골목길,24
3453,피부,24
3454,페트병,24
3455,실종,24
3456,진동,24
3457,전기요금,24
3458,피고,24
3459,탈,24
3460,재고,24
3461,쓰레기통,24
3462,회비,24
3463,대안교육,24
3464,잡,24
3465,방침,24
3466,후문,24
3467,과반수,24
3468,국토교통부,24
3469,독립,24
3470,대수,24
3471,체력,24
3472,폭염,24
3473,미필,24
3474,재포,24
3475,뭘,24
3476,적색,24
3477,인계,24
3478,납입,24
3479,휠체어,24
3480,설문조사,24
3481,상급,24
3482,국회,24
3483,침,24
3484,치과,24
3485,책자,24
3486,반기,24
3487,공기업,24
3488,국어,24
3489,박,24
3490,탁자,24
3491,심의회,24
3492,배려,24
3493,피난,24
3494,귀하,24
3495,공표,24
3496,아이디,24
3497,출하,24
3498,비대,24
3499,경남,24
3500,경감,24
3501,성취,24
3502,인천광역시,24
3503,별개,24
3504,이설,24
3505,독점,24
3506,증액,24
3507,한자,24
3508,페이지,24
3509,후원,24
3510,영농,24
3511,추심,24
3512,간행물,24
3513,골재,24
3514,부속,24
3515,개원,24
3516,영주시,24
3517,원수,24
3518,물가,24
3519,조위,24
3520,정보공,24
3521,밸리,24
3522,도전,24
3523,상여금,24
3524,진안군,24
3525,본교,24
3526,학교법인,24
3527,연구실,24
3528,토마토,24
3529,충청남도교육청,24
3530,회선,24
3531,한상혁,24
3532,조언,23
3533,화분,23
3534,지대,23
3535,립,23
3536,염려,23
3537,승하,23
3538,공문서,23
3539,재사용,23
3540,의회,23
3541,아이돌,23
3542,등록기준지,23
3543,부재,23
3544,사망자,23
3545,자가용,23
3546,재원,23
3547,원내,23
3548,정체,23
3549,혼란,23
3550,잔디,23
3551,관악구,23
3552,철도,23
3553,션,23
3554,비산,23
3555,강동,23
3556,피트니스,23
3557,계정,23
3558,대의,23
3559,약속,23
3560,일체,23
3561,조문,23
3562,신상,23
3563,당한,23
3564,협박,23
3565,브랜드,23
3566,애견,23
3567,수분,23
3568,회피,23
3569,탑,23
3570,비도,23
3571,형편,23
3572,접근,23
3573,기지,23
3574,숙박업,23
3575,상공,23
3576,모범,23
3577,제적,23
3578,천안,23
3579,이장,23
3580,잠수,23
3581,보트,23
3582,음주운전,23
3583,단서,23
3584,숙소,23
3585,처우,23
3586,서민,23
3587,하나로,23
3588,소프트웨어,23
3589,위주,23
3590,시절,23
3591,다운로드,23
3592,대통령,23
3593,양주시,23
3594,법률상,23
3595,코너,23
3596,생애,23
3597,보류,23
3598,복지사,23
3599,보호관찰,23
3600,기능사,23
3601,데이,23
3602,납기,23
3603,양육비,23
3604,사물함,23
3605,합성,23
3606,기술사,23
3607,상비,23
3608,복학,23
3609,주주,23
3610,교육장,23
3611,청각장애,23
3612,지리,23
3613,편지,23
3614,정권,23
3615,산자,23
3616,생육,23
3617,군용,23
3618,해명,23
3619,스타트,22
3620,멧돼지,22
3621,직통,22
3622,일원,22
3623,원상회복,22
3624,농구장,22
3625,농구,22
3626,다량,22
3627,호선,22
3628,세척,22
3629,운,22
3630,중소,22
3631,화로,22
3632,개축,22
3633,재생,22
3634,조카,22
3635,테이블,22
3636,운수,22
3637,권,22
3638,출입구,22
3639,동선,22
3640,조상,22
3641,조절,22
3642,옷,22
3643,지경,22
3644,합리,22
3645,안건,22
3646,재차,22
3647,도로점용허가,22
3648,빗물,22
3649,특허,22
3650,행태,22
3651,결론,22
3652,의지,22
3653,무방,22
3654,도난,22
3655,도록,22
3656,출동,22
3657,수도권,22
3658,상식,22
3659,남성,22
3660,공감,22
3661,예측,22
3662,현저,22
3663,출금,22
3664,차후,22
3665,기일,22
3666,양도소득,22
3667,암,22
3668,승차,22
3669,항해사,22
3670,출입문,22
3671,과장,22
3672,추석,22
3673,녹음,22
3674,것입,22
3675,시효,22
3676,한적,22
3677,서술,22
3678,주식회사,22
3679,서버,22
3680,경품,22
3681,애인,22
3682,약자,22
3683,정착,22
3684,거름,22
3685,대기오염,22
3686,시립,22
3687,무소,22
3688,상권,22
3689,전염병,22
3690,알리,22
3691,한우,22
3692,황,22
3693,장인,22
3694,유인,22
3695,행정소송,22
3696,해고,22
3697,쯤,22
3698,한국어,22
3699,애니메이션,22
3700,네트워크,22
3701,교현동,22
3702,병과,22
3703,번역,22
3704,임명,22
3705,조퇴,22
3706,전임,22
3707,이사회,22
3708,인성,22
3709,동수,22
3710,졸,22
3711,문화유산,22
3712,수심,22
3713,무역항,22
3714,천리안,22
3715,사과나무,22
3716,안장,22
3717,통일부,22
3718,대효,21
3719,마음대로,21
3720,개인정보보호법,21
3721,목줄,21
3722,승강장,21
3723,탱크,21
3724,관일,21
3725,호소,21
3726,절단,21
3727,전시관,21
3728,이용권,21
3729,시골,21
3730,동물병원,21
3731,한쪽,21
3732,습지,21
3733,활,21
3734,자매,21
3735,동부,21
3736,페인트,21
3737,절실,21
3738,갓길,21
3739,도래,21
3740,상주,21
3741,경유,21
3742,북,21
3743,제초,21
3744,절약,21
3745,실외,21
3746,날로,21
3747,자등,21
3748,유독,21
3749,반응,21
3750,인명,21
3751,닭,21
3752,입지,21
3753,즉각,21
3754,당첨,21
3755,최,21
3756,여객,21
3757,상추,21
3758,한시,21
3759,공직,21
3760,정해,21
3761,일부러,21
3762,누,21
3763,가가,21
3764,종업원,21
3765,연합,21
3766,가시,21
3767,석유,21
3768,기록부,21
3769,오징어,21
3770,유가,21
3771,수험생,21
3772,기피,21
3773,변호,21
3774,면서,21
3775,변제,21
3776,동포,21
3777,운임,21
3778,수반,21
3779,중대,21
3780,출고,21
3781,질서,21
3782,개학,21
3783,명기,21
3784,쓰레기봉투,21
3785,케어,21
3786,소식지,21
3787,생존,21
3788,청구인,21
3789,저하,21
3790,원단,21
3791,일회용,21
3792,깊이,21
3793,영주,21
3794,호박,21
3795,가상,21
3796,권리자,21
3797,호암동,21
3798,배추,21
3799,군경,21
3800,적립금,21
3801,일용직,21
3802,코리아,21
3803,진급,21
3804,사범,21
3805,오차,21
3806,수출입,21
3807,블루베리,21
3808,대대,21
3809,알뜰폰,21
3810,과수,20
3811,텃밭,20
3812,심해,20
3813,금요일,20
3814,관로,20
3815,관광객,20
3816,왕복,20
3817,순간,20
3818,정자,20
3819,가보,20
3820,향,20
3821,벌채,20
3822,궁금,20
3823,거동,20
3824,취미,20
3825,진설,20
3826,비법,20
3827,인감도장,20
3828,슬레이트,20
3829,마포구,20
3830,방화,20
3831,전광판,20
3832,우리동네,20
3833,상인,20
3834,구획,20
3835,강남구,20
3836,수돗물,20
3837,노,20
3838,모델링,20
3839,지문,20
3840,슈퍼,20
3841,척,20
3842,맞은편,20
3843,이틀,20
3844,꽤,20
3845,정지선,20
3846,관용,20
3847,승,20
3848,튜닝,20
3849,메세지,20
3850,산이,20
3851,낼,20
3852,멀리,20
3853,움,20
3854,총괄,20
3855,자발,20
3856,근거리,20
3857,기대,20
3858,겨우,20
3859,인지도,20
3860,노동조합,20
3861,상계,20
3862,경찰청,20
3863,보험사,20
3864,수탁,20
3865,오른쪽,20
3866,시각,20
3867,곰팡이,20
3868,외한,20
3869,음란물,20
3870,등장,20
3871,명예훼손,20
3872,사체,20
3873,증장,20
3874,예금,20
3875,수영,20
3876,예매,20
3877,병행,20
3878,모니터,20
3879,장내,20
3880,지명,20
3881,항공기,20
3882,승낙,20
3883,의제,20
3884,년전,20
3885,세트,20
3886,자택,20
3887,수여,20
3888,환산,20
3889,분기,20
3890,물고기,20
3891,독촉,20
3892,식중독,20
3893,정신과,20
3894,자율학습,20
3895,내면,20
3896,유럽,20
3897,혈압,20
3898,겨울철,20
3899,금산군,20
3900,세종시,20
3901,수감자,20
3902,면세점,20
3903,야적,20
3904,체제,20
3905,효능,20
3906,한국사,20
3907,관찰,20
3908,인삼,20
3909,실험실,20
3910,염소,20
3911,사면,20
3912,선호,20
3913,졸업생,20
3914,수능시험,20
3915,교직,20
3916,감자,20
3917,클라우드,20
3918,발아,20
3919,전투,20
3920,예비역,20
3921,국군,20
3922,드라마,20
3923,기상위성,20
3924,천리안위성,20
3925,원기준,19
3926,건너편,19
3927,환경오염,19
3928,삼거리,19
3929,데크,19
3930,정규직,19
3931,행정청,19
3932,알바,19
3933,유동,19
3934,덜,19
3935,드릴,19
3936,야영장,19
3937,증진,19
3938,확충,19
3939,민방위대,19
3940,복도,19
3941,시각장애인,19
3942,용수,19
3943,축소,19
3944,파크,19
3945,홀,19
3946,층간소음,19
3947,경로당,19
3948,비등,19
3949,친척,19
3950,선행,19
3951,사생활,19
3952,건너,19
3953,어,19
3954,생명,19
3955,도살,19
3956,도구,19
3957,부동,19
3958,국도,19
3959,경차,19
3960,일상,19
3961,유원,19
3962,도보,19
3963,주일,19
3964,백화점,19
3965,캠프,19
3966,끼,19
3967,진정,19
3968,생일,19
3969,유권해석,19
3970,면담,19
3971,회전,19
3972,관리제,19
3973,지난해,19
3974,어머님,19
3975,내진,19
3976,요지,19
3977,흰색,19
3978,무사,19
3979,도박,19
3980,성매매,19
3981,원가,19
3982,검찰청,19
3983,폰,19
3984,종별,19
3985,연대,19
3986,교육법,19
3987,주무,19
3988,공공시설,19
3989,실비,19
3990,변기,19
3991,양자,19
3992,지도자,19
3993,한눈,19
3994,전의,19
3995,측정기,19
3996,무었,19
3997,빈,19
3998,간편,19
3999,준비물,19
4000,평택,19
4001,육안,19
4002,기법,19
4003,부기,19
4004,손자,19
4005,조부모,19
4006,미달,19
4007,과밀,19
4008,가점,19
4009,지방직,19
4010,근로시간,19
4011,과천,19
4012,유전자,19
4013,이감,19
4014,출입국관리법,19
4015,환액,19
4016,배정은,19
4017,신재생에너지,19
4018,강당,19
4019,동해안,19
4020,결함,19
4021,해양심층수,19
4022,딸기,19
4023,군사교육,19
4024,밀집,18
4025,야생동물,18
4026,충돌,18
4027,등화,18
4028,소인,18
4029,부로,18
4030,충,18
4031,금전,18
4032,고수,18
4033,촉구,18
4034,활보,18
4035,대피,18
4036,가출,18
4037,비롯,18
4038,장난감,18
4039,개관,18
4040,친양자,18
4041,개발부담금,18
4042,일전,18
4043,고사,18
4044,풍력,18
4045,농업인,18
4046,풍력발전,18
4047,가림,18
4048,리지,18
4049,붕괴,18
4050,캠페인,18
4051,엘리베이터,18
4052,다양성,18
4053,응대,18
4054,그림,18
4055,개포,18
4056,필요성,18
4057,경작,18
4058,낮잠,18
4059,송파,18
4060,안테나,18
4061,부합,18
4062,가중,18
4063,찌꺼기,18
4064,실증,18
4065,축사,18
4066,민주,18
4067,위생용품,18
4068,놀이기구,18
4069,팔,18
4070,주야,18
4071,보복,18
4072,재도,18
4073,하교,18
4074,추,18
4075,기전,18
4076,의도,18
4077,불참,18
4078,설계도,18
4079,자제,18
4080,유기견,18
4081,땐,18
4082,계기,18
4083,공통,18
4084,한참,18
4085,스피커,18
4086,공중,18
4087,차고,18
4088,된거,18
4089,입법,18
4090,착오,18
4091,관외,18
4092,연습,18
4093,앞서,18
4094,자국,18
4095,물량,18
4096,신뢰,18
4097,미취,18
4098,에코,18
4099,타운,18
4100,냉천,18
4101,지사,18
4102,구직,18
4103,개장,18
4104,토목,18
4105,매연,18
4106,준법,18
4107,고령,18
4108,업로드,18
4109,감지기,18
4110,벌금형,18
4111,용법,18
4112,전기통신,18
4113,왕래,18
4114,비트,18
4115,마켓,18
4116,스팸문자,18
4117,네거리,18
4118,모친,18
4119,사단법인,18
4120,태,18
4121,모래,18
4122,잡지,18
4123,도지사,18
4124,일일,18
4125,구형,18
4126,그루,18
4127,허리,18
4128,부인,18
4129,동일인,18
4130,직종,18
4131,빵,18
4132,원격,18
4133,호서,18
4134,광주시,18
4135,양파,18
4136,상병,18
4137,기장,18
4138,확인가능,18
4139,장점,18
4140,펜션,18
4141,용인,18
4142,사은,18
4143,소량,18
4144,갯벌,18
4145,수영구,18
4146,할부,18
4147,정수기,18
4148,이민자,18
4149,간소화,18
4150,배움터,18
4151,문항,18
4152,고온,18
4153,지표,18
4154,병영,18
4155,실손,18
4156,현물출자,18
4157,업계,18
4158,교외,18
4159,배양,18
4160,춘천,18
4161,마산,18
4162,천세,18
4163,해양안전심판원,18
4164,학명,18
4165,체적,18
4166,제초제,18
4167,신동,18
4168,환경기술,18
4169,주무관,17
4170,영유,17
4171,흐름,17
4172,진열,17
4173,겹,17
4174,막대,17
4175,캠핑,17
4176,잡고,17
4177,비급,17
4178,최선,17
4179,안해,17
4180,산모,17
4181,헬기,17
4182,고후,17
4183,도로명,17
4184,수질오염,17
4185,우측,17
4186,전이,17
4187,장난,17
4188,섬,17
4189,배차,17
4190,구장,17
4191,방음벽,17
4192,수락,17
4193,롯데,17
4194,환,17
4195,관리사,17
4196,뉴딜,17
4197,작품,17
4198,칭찬,17
4199,노래방,17
4200,농막,17
4201,가까이,17
4202,좀더,17
4203,가득,17
4204,불철,17
4205,팔고,17
4206,쓰기,17
4207,권익,17
4208,시계,17
4209,서대문,17
4210,전압,17
4211,신원,17
4212,하단,17
4213,촌,17
4214,식품위생법,17
4215,칸막이,17
4216,제법,17
4217,틀,17
4218,명과,17
4219,인간,17
4220,욕,17
4221,데리,17
4222,의식,17
4223,정당,17
4224,안양,17
4225,수강생,17
4226,징,17
4227,클리,17
4228,사증,17
4229,가전,17
4230,무늬,17
4231,징계처분,17
4232,우수관,17
4233,국가배상,17
4234,정박,17
4235,겸용,17
4236,익명,17
4237,이의제기,17
4238,서약,17
4239,보건복지부,17
4240,지게차,17
4241,위조,17
4242,사칭,17
4243,금융기관,17
4244,카,17
4245,공작물,17
4246,상담사,17
4247,미술,17
4248,세탁,17
4249,군입대,17
4250,장교,17
4251,동호회,17
4252,쇼핑,17
4253,노트북,17
4254,티켓,17
4255,승용차요일제,17
4256,다행,17
4257,아버님,17
4258,요양원,17
4259,도라지,17
4260,휴지,17
4261,며,17
4262,능,17
4263,번의,17
4264,아시,17
4265,페이,17
4266,나래,17
4267,묘지,17
4268,배급,17
4269,영구,17
4270,퇴,17
4271,주권,17
4272,배부,17
4273,재검,17
4274,명문,17
4275,천식,17
4276,구성은,17
4277,재택근무,17
4278,갤러리,17
4279,명목,17
4280,프로젝트,17
4281,레이,17
4282,화동,17
4283,신,17
4284,맥주,17
4285,산소,17
4286,공도읍,17
4287,정제,17
4288,중요,17
4289,경매,17
4290,갈색,17
4291,신종,17
4292,호주,17
4293,판매점,17
4294,서비스업,17
4295,서해안,17
4296,수원,17
4297,홈쇼핑,17
4298,신원보증,17
4299,적성,17
4300,갑설,17
4301,영사관,17
4302,제작사,17
4303,강요,17
4304,회화,17
4305,주주총회,17
4306,조달청,17
4307,라벨,17
4308,두발,17
4309,방기,17
4310,개교,17
4311,문학사,17
4312,라디오,17
4313,진도,17
4314,황사,17
4315,국립무형유산원,17
4316,좌변,17
4317,여객운송,17
4318,부표,17
4319,볏짚,17
4320,곤충,17
4321,군복,17
4322,배출량,17
4323,주거지역,16
4324,덕,16
4325,점심시간,16
4326,유주,16
4327,미용사,16
4328,야구,16
4329,합당,16
4330,전남,16
4331,봉화군,16
4332,야기,16
4333,살균,16
4334,민박,16
4335,후견인,16
4336,원스톱,16
4337,귀어,16
4338,펜스,16
4339,천막,16
4340,영아,16
4341,블록,16
4342,다세대,16
4343,남산,16
4344,광진구,16
4345,대량,16
4346,메뉴얼,16
4347,선거구,16
4348,온누리상품권,16
4349,상조,16
4350,청산,16
4351,소멸시효,16
4352,공포,16
4353,곳곳,16
4354,와인,16
4355,식이,16
4356,수법,16
4357,선납,16
4358,파산,16
4359,볼때,16
4360,사실관계,16
4361,외벽,16
4362,한가지,16
4363,귀청,16
4364,중임,16
4365,애로,16
4366,내내,16
4367,편도,16
4368,습득,16
4369,행시,16
4370,시외버스,16
4371,껍질,16
4372,맘,16
4373,월요일,16
4374,상시,16
4375,명인,16
4376,녹화,16
4377,게다가,16
4378,부실,16
4379,대게,16
4380,친정,16
4381,금도,16
4382,참여자,16
4383,사인,16
4384,예치,16
4385,공연장,16
4386,대교,16
4387,물등,16
4388,공중화장실,16
4389,목욕,16
4390,그날,16
4391,나눔,16
4392,바닷가,16
4393,완성,16
4394,회생,16
4395,연말,16
4396,도우미,16
4397,수납,16
4398,완납,16
4399,일보,16
4400,무리,16
4401,무게,16
4402,친족,16
4403,왼쪽,16
4404,기출,16
4405,코인,16
4406,상장,16
4407,티,16
4408,동작,16
4409,근본,16
4410,고합,16
4411,리스트,16
4412,증대,16
4413,고도,16
4414,핑계,16
4415,하이,16
4416,저해,16
4417,기탁,16
4418,교양,16
4419,김해,16
4420,서적,16
4421,용산,16
4422,사후관리,16
4423,공적,16
4424,수제,16
4425,세차,16
4426,병충해,16
4427,중증,16
4428,영주권자,16
4429,연동,16
4430,유통업,16
4431,방학기,16
4432,교육행정,16
4433,익,16
4434,직계존속,16
4435,성격,16
4436,원격교육,16
4437,생활용품,16
4438,법무,16
4439,상장회사,16
4440,사교육,16
4441,출신,16
4442,해군,16
4443,간식,16
4444,식단,16
4445,독도,16
4446,과학자,16
4447,연구자,16
4448,보건관리,16
4449,평준화,16
4450,특별법,16
4451,차명계좌,16
4452,상용,16
4453,갈치,16
4454,화물선,16
4455,항생제,16
4456,멸치,16
4457,역업,16
4458,온실가스,16
4459,퇴적물,16
4460,오이,16
4461,질소,16
4462,주성분,16
4463,군사,16
4464,출타,16
4465,군사훈련,16
4466,방송대상,16
4467,출범,16
4468,내리막,15
4469,순창읍,15
4470,차지,15
4471,원리,15
4472,저수지,15
4473,청소년증,15
4474,격상,15
4475,소년,15
4476,순천시,15
4477,강구,15
4478,만들기,15
4479,정신건강,15
4480,사람과,15
4481,시책,15
4482,재활용품,15
4483,고속,15
4484,버팀목,15
4485,캠핑장,15
4486,약제,15
4487,수인,15
4488,강남,15
4489,공청회,15
4490,옥,15
4491,제설,15
4492,동작구,15
4493,손상,15
4494,강조,15
4495,눈치,15
4496,가지치기,15
4497,장님,15
4498,동대문,15
4499,담,15
4500,대문,15
4501,필,15
4502,잠깐,15
4503,여러분,15
4504,비둘기,15
4505,동향,15
4506,십년,15
4507,중량,15
4508,개입,15
4509,방사,15
4510,하락,15
4511,다른사람,15
4512,안경,15
4513,외교부,15
4514,금오동,15
4515,골절,15
4516,고로,15
4517,불빛,15
4518,다해,15
4519,축구,15
4520,벌써,15
4521,빚,15
4522,위험성,15
4523,세번,15
4524,의혹,15
4525,파,15
4526,대폭,15
4527,측은,15
4528,수기,15
4529,채권자,15
4530,연초,15
4531,가정폭력,15
4532,자식,15
4533,닉,15
4534,마크,15
4535,고인,15
4536,세이,15
4537,강등,15
4538,오물,15
4539,어이,15
4540,분도,15
4541,본격,15
4542,도심,15
4543,박탈,15
4544,일명,15
4545,신변,15
4546,술집,15
4547,청원경찰,15
4548,카시트,15
4549,노상,15
4550,동료,15
4551,요일,15
4552,피의자,15
4553,위증,15
4554,교차,15
4555,짐,15
4556,피신,15
4557,차세대,15
4558,강도,15
4559,이점,15
4560,감기,15
4561,오라,15
4562,그룹,15
4563,수수,15
4564,기후변화,15
4565,진심,15
4566,인복,15
4567,도토리,15
4568,저가,15
4569,공주,15
4570,불허,15
4571,서산,15
4572,목소리,15
4573,도의,15
4574,필터,15
4575,실천,15
4576,체크카드,15
4577,첨가,15
4578,형질,15
4579,자원봉사자,15
4580,일선,15
4581,보나,15
4582,아토피,15
4583,타당성,15
4584,분위기,15
4585,고용노동부,15
4586,명도,15
4587,요인,15
4588,퇴학,15
4589,자본금,15
4590,시세,15
4591,권익위,15
4592,의무교육,15
4593,무급,15
4594,전제,15
4595,계량,15
4596,사관후보생,15
4597,신도시,15
4598,세종,15
4599,영세,15
4600,분담,15
4601,평정,15
4602,중등교육,15
4603,보물,15
4604,변론,15
4605,퇴거,15
4606,수형,15
4607,러시아,15
4608,비거,15
4609,인기,15
4610,교원능력개발평가,15
4611,구기,15
4612,핵심,15
4613,이수자,15
4614,국보,15
4615,습도,15
4616,국가어항,15
4617,좌초,15
4618,해항,15
4619,조석,15
4620,자유무역,15
4621,입도,15
4622,합리화,15
4623,살충제,15
4624,패널,15
4625,방위,15
4626,노르웨이,15
4627,통일교,15
4628,군사시설,15
4629,청렴연수원,15
4630,경관,14
4631,체중,14
4632,대다수,14
4633,부진,14
4634,철봉,14
4635,강변,14
4636,죽,14
4637,이마트,14
4638,존치,14
4639,선별,14
4640,아스콘,14
4641,숙박시설,14
4642,미술관,14
4643,양봉,14
4644,점자,14
4645,모퉁이,14
4646,후계,14
4647,종중,14
4648,미등록,14
4649,느낌,14
4650,한강,14
4651,테니스장,14
4652,반포,14
4653,경비원,14
4654,조경,14
4655,아이스팩,14
4656,지하차도,14
4657,음란,14
4658,부스,14
4659,서대문구,14
4660,용산구,14
4661,엉망,14
4662,화해,14
4663,포트홀,14
4664,빨래,14
4665,간접,14
4666,자치구,14
4667,선불,14
4668,기수,14
4669,본적,14
4670,당직,14
4671,지배,14
4672,불법행위,14
4673,배설물,14
4674,소화전,14
4675,어깨,14
4676,가도,14
4677,곧바로,14
4678,모기,14
4679,라며,14
4680,휴식,14
4681,간다,14
4682,응답,14
4683,기저귀,14
4684,응,14
4685,사진촬영,14
4686,것임,14
4687,요리,14
4688,휴양,14
4689,야영,14
4690,댁,14
4691,어디가,14
4692,무더위,14
4693,청대,14
4694,민사,14
4695,당부,14
4696,친권,14
4697,양산,14
4698,듣기,14
4699,고무,14
4700,색상,14
4701,공매,14
4702,야생,14
4703,구술,14
4704,해수부,14
4705,승선근무예비역,14
4706,행정절차,14
4707,준용,14
4708,전과,14
4709,건축사,14
4710,우미,14
4711,시위,14
4712,텐트,14
4713,비닐하우스,14
4714,용승,14
4715,반송,14
4716,기와,14
4717,치기,14
4718,음으로,14
4719,피싱,14
4720,모욕,14
4721,비번,14
4722,채팅,14
4723,구속,14
4724,제주시,14
4725,인승,14
4726,식수,14
4727,갈등,14
4728,이산화탄소,14
4729,들개,14
4730,불문,14
4731,갈수,14
4732,이상은,14
4733,셔틀버스,14
4734,마사지,14
4735,비만,14
4736,저학년,14
4737,복교,14
4738,지로,14
4739,점용료,14
4740,감안,14
4741,하위,14
4742,우주,14
4743,손소독제,14
4744,노조,14
4745,검수,14
4746,토론회,14
4747,과학관,14
4748,폐수처리,14
4749,분해,14
4750,표창,14
4751,토질,14
4752,전염,14
4753,비위,14
4754,전자서명,14
4755,영,14
4756,겸업,14
4757,실업,14
4758,고요,14
4759,게재,14
4760,주재,14
4761,부칙,14
4762,과수원,14
4763,권수,14
4764,금리,14
4765,철탑,14
4766,아무나,14
4767,부산물,14
4768,정전,14
4769,부방,14
4770,중위,14
4771,컨텐츠,14
4772,대소원면,14
4773,문해,14
4774,외래,14
4775,성실,14
4776,연휴,14
4777,획정,14
4778,후의,14
4779,졸업식,14
4780,항공권,14
4781,영덕군,14
4782,송도,14
4783,교도관,14
4784,이수증,14
4785,학구,14
4786,수업료,14
4787,교무,14
4788,조도,14
4789,평형,14
4790,가재,14
4791,번식,14
4792,브리,14
4793,교육활용,14
4794,방영,14
4795,송신,14
4796,행복청,14
4797,항법,14
4798,로밍,14
4799,염분,14
4800,전기통신사업법,14
4801,귀촌,13
4802,군민,13
4803,제방,13
4804,추락,13
4805,댓글,13
4806,홍수,13
4807,일조권,13
4808,둘레길,13
4809,피하,13
4810,걷기,13
4811,양해,13
4812,무궁,13
4813,장제,13
4814,정례,13
4815,농림,13
4816,생활관,13
4817,인턴,13
4818,커뮤니티,13
4819,토지대장,13
4820,커서,13
4821,재교,13
4822,토양오염,13
4823,브레이크,13
4824,장착,13
4825,램프,13
4826,임업,13
4827,주택조합,13
4828,보임,13
4829,정성,13
4830,우천,13
4831,방음,13
4832,뇌,13
4833,열차,13
4834,공자,13
4835,캠퍼스,13
4836,표면,13
4837,음향,13
4838,유모차,13
4839,미흡,13
4840,고속버스,13
4841,요양보호사,13
4842,지체상금,13
4843,햇빛,13
4844,마냥,13
4845,현관,13
4846,조,13
4847,하자담보,13
4848,외대,13
4849,전후,13
4850,네,13
4851,확성기,13
4852,콘크리트,13
4853,아카데미,13
4854,나방,13
4855,성의,13
4856,방문자,13
4857,과로,13
4858,전지,13
4859,신발,13
4860,아마,13
4861,비리,13
4862,중독,13
4863,장마철,13
4864,토익,13
4865,필히,13
4866,무궁화,13
4867,바탕,13
4868,자유게시판,13
4869,녹스,13
4870,소금,13
4871,사찰,13
4872,냉장고,13
4873,해양경찰,13
4874,평수,13
4875,관사,13
4876,복장,13
4877,파출소,13
4878,경기장,13
4879,계수,13
4880,선착장,13
4881,결손,13
4882,정보처리,13
4883,추월,13
4884,만남,13
4885,존,13
4886,소란,13
4887,조선족,13
4888,물어,13
4889,파괴,13
4890,경위,13
4891,시멘트,13
4892,운송업,13
4893,저런,13
4894,직후,13
4895,유관,13
4896,고함,13
4897,구글,13
4898,에어,13
4899,소용,13
4900,상표,13
4901,성희롱,13
4902,선처,13
4903,처사,13
4904,다소,13
4905,당국,13
4906,지법,13
4907,자립,13
4908,답사,13
4909,구해,13
4910,판이,13
4911,안이,13
4912,등원,13
4913,기만,13
4914,대만,13
4915,모자,13
4916,관행,13
4917,월동,13
4918,농어,13
4919,채택,13
4920,균형발전,13
4921,론,13
4922,포괄,13
4923,대전광역시,13
4924,도달,13
4925,계약법,13
4926,나라장터,13
4927,지체,13
4928,썰매,13
4929,변색,13
4930,우선주,13
4931,배당,13
4932,양념,13
4933,물탱크,13
4934,무용,13
4935,공탁,13
4936,재능,13
4937,알바생,13
4938,수직,13
4939,한마디,13
4940,소외,13
4941,면사무소,13
4942,본문,13
4943,소집해제,13
4944,차액,13
4945,전라남도,13
4946,지소,13
4947,인척,13
4948,발병,13
4949,제대,13
4950,용접,13
4951,초고,13
4952,영도,13
4953,종부세,13
4954,아이핀,13
4955,자임,13
4956,헌법,13
4957,프랑스,13
4958,승급,13
4959,지급시,13
4960,살이,13
4961,용액,13
4962,옥수수,13
4963,형상,13
4964,비행기,13
4965,강진군,13
4966,측면,13
4967,어차피,13
4968,기선,13
4969,어보,13
4970,미국시민,13
4971,고용주,13
4972,창작,13
4973,업데이트,13
4974,정보통신망,13
4975,위법행위,13
4976,금융업,13
4977,직접투자,13
4978,수취,13
4979,학교생활,13
4980,예선,13
4981,배점,13
4982,교감,13
4983,수학여행,13
4984,보궐,13
4985,심리치료,13
4986,중졸,13
4987,투,13
4988,수혜,13
4989,화관,13
4990,사사,13
4991,자막,13
4992,공공재,13
4993,증정,13
4994,복원성,13
4995,연근,13
4996,넙치,13
4997,해수,13
4998,국통,13
4999,가자미,13
